email,name
vegasxsweep@gmail.com,
02690702jul@gmail.com,
0tbradshaw0t@gmail.com,
1015godisgood@gmail.com,
1203felixsaul@gmail.com,
1973reo13@gmail.com,
1984dadsr@gmail.com,
1984jjallen.c@gmail.com,
1987joeyg210@gmail.com,
1boxer3ml@gmail.com,
1deep806tx@gmail.com,
2057970007clh@gmail.com,
22boonedoc@gmail.com,
22smh89@gmail.com,
2xnakea@gmail.com,
3144@icloud.com,
3311game311game311@gmail.com,
35.south.gucci@gmail.com,
369finelove@gmail.com,
70.sah99@gmail.com,
7galpalval7@gmail.com,
7soddities@gmail.com,
80266mine@gmail.com,
a88073820@gmail.com,
aaronfowler247@gmail.com,
aaymamaciita69@gmail.com,
abc123@gmail.com,
abcgame@gmail.com,
abhuffy.ah@gmail.com,
abwireworx2016@gmail.com,
abyers320@gmail.com,
accantu8@gmail.com,
adamkimbrough758@gmail.com,
adamscoty654@gmail.com,
adenning289@gmail.com,
aestill057@gmail.com,
afulgham365@gmail.com,
ag152526@gmail.com,
agrace.30458@gmail.com,
ahall90768@gmail.com,
ahdorame@gmail.com,
ahfreeone45@gmail.com,
ailyahcoleman1237@gmail.com,
aj7mangat@gmail.com,
ajayayyze@gmail.com,
ak223762556@gmail.com,
alanaolds34@gmail.com,
alanizleeann13@gmail.com,
alannaward45@gmail.com,
albertguerra68@gmail.com,
aldairoliveros99@gmail.com,
aldire81@gmail.com,
aleamercadel50@gmail.com,
aleciathompson4u@gmail.com,
alex0566@yahoo.com,
alexanderticia64@gmail.com,
alexgarcia8596@gmail.com,
alfullenkamp@icloud.com,
alisjoey66@gmail.com,
allahmshantierra00@gmail.com,
allerdj770@gmail.com,
almajackson44@gmail.com,
alyoup51@icloud.com,
alyssaluster41@gmail.com,
am543967@gmail.com,
amandaae243@gmail.com,
amandaaguir43@gmail.com,
amandabowers035@gmail.com,
amandaisfmf@gmail.com,
amandanan25@gmail.com,
amandanbrent22@gmail.com,
amandastappenbeck83@aol.com,
amandaweinstein8@gmail.com,
amandawilson7886@gmail.com,
amberhersheybusby@gmail.com,
amberlafanemills@gmail.com,
ambermathes91@yahoo.com,
ambermull1423@gmail.com,
amberrand86@gmail.com,
amgualandri@gmail.com,
ammonsroy98@gmail.com,
amtdan03@gmail.com,
amturchi69@gmail.com,
anaispoirier3@gmail.com,
analubeaudet31@gmail.com,
andrewbabbs16@gmail.com,
andrewbabbs9@gmail.com,
andylovell5175@icloud.com,
angelabarker3@gmail.com,
angeladaytripper8477@gmail.com,
angelajollif@gmail.com,
angelicabriggs023@gmail.com,
angelnicholson528@gmail.com,
angelssweet273@gmail.com,
anisejenkinskent@gmail.com,
anneclaire7625@gmail.com,
annettewalthal4@gmail.com,
anngelicavigil224@icloud.com,
anniewhisnant31@gmail.com,
annnay@gmx.com,
annoying14122@gmail.com,
anohana2676@gmail.com,
anpatrick1116@gmail.com,
antdan03@gmail.com,
anth.evans.1990@gmail.com,
anthon14torres@gmail.com,
anthop2026@gmail.com,
antman40888@gmail.com,
antonettemontoya13@gmail.com,
antoniogrippon6@gmail.com,
antonitabrown44@gmail.com,
aosksoak8@gmail.com,
april6th20161@gmail.com,
aprilabejo668213@gmail.com,
aprilramon850@gmail.com,
apriltipton8476@gmail.com,
ara.roz0092@gmail.com,
archiedoby34@gmail.com,
arianamont23@icloud.com,
arkeenjackson@gmail.com,
armandito.matinez15@gmail.com,
arnoldcarrillojr1977@gmail.com,
aronfrauenthal512@gmail.com,
arrapahc37@gmail.com,
arthurcisneros868@gmail.com,
asa_caldwell@yahoo.com,
asbeygood@gmail.com,
ase950ace@gmail.com,
asecrist123@gmail.com,
ashkatt1985@icloud.com,
ashleyflowers042@gmail.com,
ashleyjnewton@hotmail.com,
ashleymears1245@gmail.com,
ashleyreuss24@gmail.com,
ashleyruyle883@gmail.com,
ashliechavarria1@gmail.com,
ashmenow2469@gmail.com,
ashnjeff0422@gmail.com,
aslostasalice93@gmail.com,
astarv5695@gmail.com,
aubreepeters1307@gmail.com,
augustine1ray9seniceros@gmail.com,
austinbam6chevy@gmail.com,
austinstroud912@gmail.com,
awesomeaw919@gmail.com,
ayalademos@gmail.com,
aymondbrandon3@gmail.com,
babbydeysidee1227@gmail.com,
babybobba404@gmail.com,
babyjoemendiola15@gmail.com,
bachmans.gorl33@gmail.com,
baeholt91@gmail.com,
baileyvan275@gmail.com,
bairboys01@yahoo.com,
bairdp630@gmail.com,
barb0urcat@gmail.com,
barbara.mendoza@fresnocitycollege.edu,
barbarafaison3144@icloud.com,
barbarinbernice9@gmail.com,
barbersoto163@gmail.com,
barrmarshal8@gmail.com,
baylesb288@gmail.com,
bbandsky@gmail.com,
beautifullybroken112024@gmail.com,
beccanichole000@gmail.com,
beeh54324@gmail.com,
bekmurdock@gmail.com,
bellhealingrings@gmail.com,
ben032093@gmail.com,
benny.rivera1973@gmail.com,
bennyback6969@gmail.com,
bertenthomas57@gmail.com,
bethwilson987654321@gmail.com,
betterbuildadoghouse@gmail.com,
betterpainters241@gmail.com,
bettycarter323@gmail.com,
bgartman07@gmail.com,
bhallmark0@gmail.com,
biancabenavidez02@gmail.com,
big4waycold1@gmail.com,
bigce6089@gmail.com,
bigdemontrap187007@gmail.co,
bigdemontrap187007@gmail.com,
biglittlesister5447@gmail.com,
bigsobg@gmail.com,
billiedanespradlin420@gmail.com,
billiemosleyslutfire@gmail.com,
billingsleymary3497@gmail.com,
billrayb110@gmail.com,
billyyarborough727@gmail.com,
bilyeustephen13@gmail.com,
birkenfeld.melissa89@gmail.com,
bishoped1975@gmail.com,
blackcollectivesheb@gmail.com,
blackcollectivesheba@gmail.com,
blackdollarbill1985@gmail.com,
blackwellkarla5@gmail.com,
blakeallison07@gmail.com,
blaneok66@yahoo.com,
blbittinger2@gmail.com,
blessedbychrist80@gmail.com,
bloodfart420@gmail.com,
bmincey03@gmail.com,
bmincey03@gmaio.com,
bmontana1972@gmail.com,
boiwela9@gmail.com,
bomendoza36@gmail.com,
bookieuas2053@gmail.com,
bornindonna@gmail.com,
boushellrobert2024@gmail.com,
boydcody553@gmail.com,
boykinjb9@gmail.com,
bpilgrim786@gmail.com,
brandilynn760@gmail.com,
brandiwomackmarshall@gmail.com,
brandonhenager6@gmail.com,
brandyradcliffe7@gmail.com,
brandysickler18@gmail.com,
brangersjames13@gmail.com,
brassknuckles666777@gmail.com,
braydenaltman156@gmail.com,
brazynlovely@gmail.com,
brcnation17@gmail.com,
bre22751@gmail.com,
breannahannah1717@icloud.com,
breannenicole33@gmail.com,
breezemarla6@gmail.com,
breezemarla75@gmail.com,
brendastar5932@gmail.com,
brensonstarling3@gmail.com,
bretcora50@gmail.com,
brevalenz207@gmail.com,
brewton.kadrick@icloud.com,
brianroofin2025@gmail.com,
brianstyle23@gmail.com,
brianviohl8@gmail.com,
bridgesnash2316@gmail.com,
brijc1982@gmail.com,
brinsonrufus2025@gmail.com,
britneyboone02@gmail.com,
britneyspangler7@gmail.com,
britrenee1992@gmail.com,
brittany.jordan1985@gmail.com,
brittanyrosee21@gmail.com,
brodeanaylor@gmail.com,
brooks.j.smith22@gmail.com,
brookstj02@gmail.com,
broompros@gmail.com,
brownjlynn@icloud.com,
brownkendra146@gmail.com,
bruce_brasher@icloud.com,
brucetolleson4@gmail.com,
bryanadelores@gmail.com,
bryanahu432@gmail.com,
bsmith08192016@gmail.com,
buge1963@gmail.com,
buranis.tgreen14@gmail.com,
burd715@gmail.com,
burdetteamber1488@gmail.com,
butler.breanna@gmail.com,
buttsnichole4@gmail.com,
buttst705@gmail.com,
bv20837@gmail.com,
bwild085@gmail.com,
c26813234@gmail.com,
cabfabrics@gmail.com,
cakesb28@gmail.com,
calhoun.joseph@icloud.com,
camoman0420@gmail.com,
candacelacy456@gmail.com,
cantuj42069@gmail.com,
cap95688@gmail.com,
carlosjerideau45@gmail.com,
carmensellsstuff@gmail.com,
caroylnwright4@gmail.com,
cartwrightsavage@gmail.com,
caseyclark355@yahoo.com,
caseyelam84@gmail.com,
caseykekecallais@gmail.com,
caseywoffotd@gmail.com,
cassanot29@gmail.com,
castillorecycling87@gmail.com,
castulo.pedroza@gmail.com,
cavazos6060@gmail.com,
caysenboi@icloud.com,
ccanter62120@gmail.com,
cccoleman8585@gmail.com,
cgain1980@gmail.com,
chamberscheryl9662@gmail.com,
changeman8618@gmail.com,
chantiannc@icloud.com,
chaoslo2320@gmail.com,
chapelhillroofingpros@gmail.com,
charlesmarcum915@gmail.com,
charlesmowery411@gmail.com,
charliehargrove506@gmail.com,
chasnadine91@gmail.com,
chatforyou247@gmail.com,
chaysewaite@gmail.com,
chellenlance25@gmail.com,
cheoeverette007@gmail.com,
cheoevertt007@gmail.com,
chickie1954.rv@gmail.com,
childo.g.23@gmail.com,
chinalahti@gmail.com,
chinitadelapaz13@gmail.com,
chino.19maa.65@gmail.com,
chloetims8@gmail.com,
chrisbeez290@gmail.com,
chrisnay1971@gmail.com,
chrisneill39@gmail.com,
chrispuckett187@gmail.com,
chrisstrvel@gmail.com,
chrissye.taylor.ct@gmail.com,
christae701@gmail.com,
christalgail1981@gmail.com,
christenschmidt348@gmail.com,
christiejames208@gmail.com,
christinageorge603@gmail.com,
christinebaker316@gmail.com,
christycastro3@gmail.com,
clairnleigh@gmail.com,
clgj69@gmail.com,
cllarson5@gmail.com,
cmangum8893@gmail.com,
cmwelder74@gmail.com,
coed04500@gmail.com,
colbycoleman530@gmail.com,
collinpounder24@gmail.com,
collinsjennifer721@gmail.com,
comicbookfan1212@gmail.com,
connellcathryn11@gmail.com,
coosimmons2@gmail.com,
coreyphilyaw36@gmail.com,
cosmicpat00@gmail.com,
cotyeb4@icloud.com,
court4short3590@gmail.com,
courtney.griffith1989@gmail.com,
courtneyalexandra33@gmail.com,
courtneytrishtina80@gmail.com,
cowanh563@gmail.com,
cptn.jack.sparrow68er@gmail.com,
cptnstayhigh@gmail.com,
craddock170@gmail.com,
crainetta@gmail.com,
crayglee@gmail.com,
crazycracker1133@gmail.com,
crazyguy3171@gmail.com,
creolemama85@gmail.com,
cresongcody77@gmail.com,
cretiaseely@gmail.com,
cribbashlyn81@gmail.com,
criciadawnnxxx@gmail.com,
criderinc33@gmail.com,
crisportillo1328@gmail.com,
critterforchrist@gmail.com,
crojas291094@gmail.com,
crombietiffany2@gmail.com,
crowellathena33@gmail.com,
crumpdaddy33@gmail.com,
cruzgjimenez927@gmail.com,
crwalker0815@gmail.com,
cry117luv@gmail.com,
cryptonyte806@gmail.com,
crysford1226@gmail.com,
crystalambriz87@gmail.com,
crystalgibbs2025@gmail.com,
crystalplayer66@gmail.com,
crystalsharp386@gmail.com,
cscsosn@gmail.com,
cseth8304@gmail.com,
ctee60184@gmail.com,
cudahyj6@gmail.com,
culpepperanthony2@gmail.com,
culpeppertony9600@gmail.com,
culpepperwilliam01@gmail.com,
curtainclimber1971@gmail.com,
curtis.dow.baldwin@gmx.com,
curtisb6267@gmail.com,
curtisosborne057@gmail.com,
curtmccall48@gmail.com,
cuteyk01@yahoo.com,
cw822950@gmail.com,
cyaeger1985@gmail.com,
cyncruz5050@gmail.com,
cynlynnisme@gmail.com,
cynn100mills@gmail.com,
cynthiaramirezz9@icloud.com,
cynthiaxaue@gmail.com,
cyphaciroc34@gmail.com,
cz19591930@gmail.com,
d62723261@gmail.com,
d849936@gmail.com,
da1youhatee@gmail.com,
da405boi@gmail.com,
dabaddest.jza@gmail.com,
dabadguysworld@gmail.com,
dabianbranch5@gmail.com,
dabiarch2012@gmail.com,
dabrdman818@gmail.com,
daddyblaze291@gmail.com,
daddyflash2017@gmail.com,
dadkins372@gmail.com,
dailypay3232@gmail.com,
dajaparican@gmail.com,
daketanoai3@gmail.com,
dakotasizemore06@gmail.com,
dakotasizemore777@gmail.com,
dale47771@gmail.com,
dale58880@gmail.com,
daleenblake55@gmail.com,
daltonnick90969@gmail.com,
dambrongluklu@gmail.com,
damiangarza1972@gmail.com,
damionbishop18@gmail.com,
dammitray1982@gmail.com,
damnytheyhateme@gmail.com,
damoncy81@gmail.com,
damtho81579@gmail.com,
danahebert1971@gmail.com,
danakelley9380@gmail.com,
dananicole0809@gmail.com,
daneilgreen117@gmail.com,
danellehubbert@gmail.com,
danellejara23@gmail.com,
dani2014ashby@gmail.com,
daniearl31121@gmail.com,
danielgallimore72@gmail.com,
danielhunt1212@gmail.com,
daniellag2022@gmail.com,
daniellerodriguez872@gmail.com,
danielsilcox8@gmail.com,
danielsmo634@gmail.com,
danilex10@gmail.com,
dannielsacco2@gmail.com,
dannyabnair@gmail.com,
dannyffurtado@gmail.com,
dannygally518@gmail.com,
dannyteague05@gmail.com,
danwinkler316@gmail.com,
daonebrown3@gmail.com,
darbya215@gmail.com,
dardenaaron8@gmail.com,
darealtalio806@gmail.com,
dareyou.xox@gmail.com,
darionosteen716@gmail.com,
darionvinson1976@gmail.com,
darkisf84@gmail.com,
darren.po2@gmail.com,
darryledeluzsigismundo@gmail.com,
darthreno74@gmail.com,
darwinespinal118@gmail.com,
dasamboslice81@gmail.com,
dasanimarquez44@gmail.com,
davantew202@gmail.com,
davdschwarz70@gmail.com,
david.lovatojr2007@gmail.com,
davidgilbwrt2345@gmail.com,
davidleger197103@gmail.com,
davidlovatojr07@gmail.com,
davidosborne1012@gmail.com,
davidrhyne2000@gmail.com,
davidrleblanc63@gmail.com,
davidrussell78@gmail.com,
davietrujillo077@gmail.com,
davisjanise22@gmail.com,
davygreg288@gmail.com,
dawnlatash461@gmail.com,
dawnlatasha461@gmail.com,
daygo1540@gmail.com,
dayreinltd@gmail.com,
dazy5347@gmail.com,
dbloxbully@gmail.com,
dc2115220@gmail.com,
dcornelison77@gmail.com,
dcraney50@gmail.com,
ddale5977@gmail.com,
deadwook98@gmail.com,
dealamanda99@gmail.com,
dealashley30@gmail.com,
deangelodora@gmail.com,
deannalacour22@gmail.com,
deb.luvz.tyson@gmail.com,
debbiecline0@gmail.com,
debbiegreen809@gmail.com,
debiegreen809@gmail.com,
dedehall2021@gmail.com,
deebo2hoo@gmail.com,
deebo2hood@gmail.com,
deecreate44@gmail.com,
deeljr6@gmail.com,
deelumdy@gmail.com,
deemiles419@gmail.com,
dejahoni20@gmail.com,
delainealaniz03@gmail.com,
delaneyw311@gmail.com,
delaojssc@gmail.com,
delarkersr00@gmail.com,
deleonanthony716@gmail.com,
delphinebrowning@gmail.com,
delunakristine689120@gmail.com,
delvalleangela236@gmail.com,
demonqueemoon12@gmail.com,
denaaldean@gmail.com,
denisecortez@ymail.com,
deniselongoria23@gmail.com,
deondratrumbo0@gmail.com,
depacasp24@gmail.com,
deraldmcdonald862@gmail.com,
dereksc801@gmail.com,
derickjenny86@gmail.com,
derp.foxy408@gmail.com,
descygomez@gmail.com,
desiraedawn43@gmail.com,
desireebooker0312@gmail.com,
desjackson2024@gmail.com,
desmondflowers42@gmail.com,
destiny62324@gmail.com,
devetterichardson@gmail.com,
devinwaynecook@gmail.com,
devontaythompson618@gmail.com,
devrick235@gmail.com,
devtov235@gmail.com,
dewater253@gmail.com,
dewayneb1993@icloud.com,
dewaynehendrix72.dh@gmail.com,
dewaynevelma7@gmail.com,
dewightwagner2591@gmail.com,
dfellyfetty@gmail.com,
dfilheus1987@gmail.com,
dh133783@gmail.com,
diadallaly@gmail.com,
diadejay33@gmail.com,
dianalucille1987@gmail.com,
dianamoore579@gmail.com,
diazjasmine177@gmail.com,
diegmartinez2693@gmail.com,
digger.sully27@gmail.com,
dillonwhitman6@gmail.com,
dimmerchrystina@gmail.com,
diocadojennav@gmail.com,
dionneamanda00@gmail.com,
dirtyramirez@gmail.com,
disills5@gmail.com,
dixienation2026@gmail.com,
dixonmichelle984@gmail.com,
djmystik706850@gmail.com,
djohnson102424@gmail.com,
dk2463123@gmail.com,
dkentrocknk91@gmail.com,
dkerek073120@gmail.com,
dlb2346025@gmail.com,
dlockiegees@gmail.com,
dlott2501@gmail.com,
dlsstephh@gmail.com,
dmadrid714@gmail.com,
dmae82098@gmail.com,
dmckay196145.dm81@gmail.com,
dml091303@gmail.com,
dmurphy7218@gmail.com,
dnoe2817@gmail.com,
doby1717@gmail.com,
doesvan93@gmail.com,
dogmaslug@gmail.com,
dollarcents208@gmail.com,
dollface6921@gmail.com,
dolodeezy253@gmail.com,
dominickjones28@gmail.com,
dominique.lopez.howard@gmail.com,
donaldgentry276@gmail.com,
donaldlawrence3738@gmail.com,
donanthonyortiz1990@gmail.com,
donavang2025@gmail.com,
dongimmischet@gmail.com,
donnaclough11@gmail.com,
donnaeaton292@gmail.com,
donnanlilbit@gmail.com,
donnasmallwood23@gmail.com,
donnaturnbull8996@gmail.com,
dontmesswithmom1107@gmail.com,
dontrippshordiie@gmail.com,
dooleyjonathan2323@gmail.com,
doreengurulsmith@gmail.com,
dorrhy.shyanne1@gmail.com,
dossettcattlecompany68@gmail.com,
dougjackson258@gmail.com,
downtree99@gmail.com,
dozier.eric789@gmail.com,
dozitocutty@gmail.com,
draggostar13@gmail.com,
dragonflyray99@gmail.com,
drakobangz0622@gmail.com,
dredremarie90@gmail.com,
dregut14@gmail.com,
dripklecak45@gmail.com,
driquesh@gmail.com,
drosenbalm94@gmail.com,
drugfree4life0225@gmail.com,
drumax81@gmail.com,
drummonddee459@gmail.com,
drusackas@gmail.com,
drutech1@gmail.com,
dtoby239@gmail.com,
duenasnicholas34@gmail.com,
dukekinggg0000@gmail.com,
dulcemendieta210@gmail.com,
dustincoop160@gmail.com,
dustinvacha96@gmail.com,
dustyncarroll66@gmail.com,
duttonjosselyn@gmail.com,
dwayne.dm1983@gmail.com,
dweiston772@gmail.com,
dwghtjonessr88@gmail.com,
dwpjr757@gmail.com,
dyingpretty1503x0@gmail.com,
dylandylansmithsmith86@gmail.com,
dylanmayo599@gmail.com,
dzam808@gmail.com,
eagletaillovincea34@gmail.com,
earpmikki1980@gmail.com,
eatsh0t21@gmail.com,
eavachime@gmail.com,
eb23232395@gmail.com,
echolsryan8@gmail.com,
eckoforce3636@gmail.com,
eddiegibbs36@gmail.com,
edgardosolis928@gmail.com,
edward1788hernandez@gmail.com,
edwardspatricia696@gmail.com,
eee01601@gmail.com,
efrainbriones815@gmail.com,
eglopez951@gmail.com,
eho391988@gmail.com,
eidamjason5@gmail.com,
eightstreet0808@gmail.com,
ekennedy840@gmail.com,
elabankahala00@gmail.com,
elainetaisipic@icloud.com,
elashamyers5@gmail.com,
eldoncrossdog162@gmail.com,
elevateyavybe@gmail.com,
elgonnzoo67@gmail.com,
elgonzoo67@gmail.com,
elhoppojr85@gmail.com,
elizabethseamans300@gmail.com,
elymateorosemary1993@gmail.com,
emarreola0378@gmail.com,
emilyannelongo91@gmail.com,
emilysoto083@gmail.com,
emmanuel.gutierrez705@gmail.com,
emmypoo1016@gmail.com,
ericagarver2@gmail.com,
ericalanbrown421@gmail.com,
ericaoglesby06@gmail.com,
ericbiggs423@gmail.com,
ericcardenas170@gmail.com,
erickalee.iluiel@gmail.com,
eseamans08@gmail.com,
espinosachief@gmail.com,
espinoza1899@gmail.com,
esquivejoel3@icloud.com,
evettesoders@gmail.com,
ewaboycal@icloud.com,
expressdeliveryontario@gmail.com,
expressionless89@gmail.com,
faithscott772@yahoo.com,
faithsmom928@gmail.com,
falcon.p1993@icloud.com,
fatboy81@gmail.com,
fatherloco876@gmail.com,
fatsgenero25@gmail.com,
feelyadam1@gmail.com,
feemorre@gmail.com,
fesco7925@gmail.com,
ffbgthymiaw69@yahoo.com,
finallygina112466@gmail.com,
fireball1272@gmail.com,
flightrisk1964@yahoo.com,
florabasttista@yahoo.com,
flossygrace1908@gmail.com,
fountainbrandy00@gmail.com,
fowlerkim383@gmail.com,
franciscodelaroosa@gmail.com,
frank76009@gmail.com,
frankbridges769@gmail.com,
frankigonzales2208@gmail.com,
freewilliejackson@gmail.com,
frymansteven47@gmail.com,
fukin.fly95@gmail.com,
funlanluck@gmail.com,
galdridge020@gmail.com,
gallojayy@gmail.com,
garciamtheone@gmail.com,
garybarber907@gmail.com,
garyparton29@gmail.com,
gbil5@yahoo.com,
gcks62069@gmail.com,
gdavisplus5@gmail.com,
geminifox420@icloud.com,
georgecarpenter@gmail.com,
georgeherbiajr@gmail.com,
geronimodelapaz65@gmail.com,
getmoneybeck5@gmail.com,
gillmorecolt@gmail.com,
ginaortiz561@gmail.com,
girton805@gmail.com,
glendamowery5@gmail.com,
glitterygangster@gmail.com,
gnrodriguez817@gmail.com,
gnrodriguez81@gmail.com,
go240@gmail.com,
godwinchad13@gmail.com,
goldenbox7176ah@gmail.com,
goober.cheetos1@gmail.com,
grandinkatelyn7@gmail.com,
grandmaofbusyboys@gmail.com,
granitept@icloud.com,
grantt755@gmail.com,
graveskaren261969@gmail.com,
graypva80@gmail.com,
gregmorin1973@gmail.com,
gregoryreynor83@gmail.com,
gretaclark662@gmail.com,
grossenbachjustin@gmail.com,
gunnayg000@gmail.com,
gurlb6882@gmail.com,
guttamusicguttalove719@gmail.com,
gypsyrosevarvel58@gmail.com,
hacked33380@yahoo.com,
hackersuck4real@gmail.com,
hailyelizabethj@gmail.com,
halechristy4479@gmail.com,
halfbreedlynch57@gmail.com,
hallmarkdavid15@gmail.com,
halltiana00@gmail.com,
hammondsj690@gmail.com,
hartmanlindsay60@gmail.com,
hartsgage@gmail.com,
hateme4evee@gmail.com,
hayleeheath28@gmail.com,
hayzledudoit3@gmail.com,
healypaige@hotmail.com,
heartlessbaby2010@gmail.com,
heatherlovesrodolfo@yahoo.com,
heavensentbyhim7@gmail.com,
hebronc66@gmail.com,
helserjeremy250@gmail.com,
hendersonmarkeith92@gmail.com,
henosito13@gmail.com,
henrie.mtnz042@gmail.com,
herreraamanda435@gmail.com,
heygirlscout@gmail.com,
hholt348@gmail.com,
hickstracy52@gmail.com,
hidalgosolizcynthia561@gmail.com,
hillveronica08@gmail.com,
hiltzmandevin@gmail.com,
hmorris95126@gmail.com,
hmorris95126@hmail.com,
hnvillarreal89@gmail.com,
hodgesdelvecchio704@gmail.com,
holdham843@gmail.com,
holleighchaney46@gmail.com,
holliephelps721@gmail.com,
hooker2@gmail.com,
hotgirldeja1974@gmail.com,
hotpocket198@icloud.com,
howardjackson937@icloud.com,
hphandyman15@gmail.com,
hterrence633@gmail.com,
iambenjaminwalker42015@gmail.com,
iambenwalker42015@gmail.com,
icee24lyfe@gmail.com,
iceybandz714@gmail.com,
iddybiddy717@gmail.com,
ifiruledtheworld989@gmail.com,
iloveblacky23@gmail.com,
iloveyoublacky2@gmail.com,
immanuelomega1090@gmail.com,
immortalmermaid@gmail.com,
imstoned2877@gmail.com,
indiagauthier@gmail.com,
iocrystalmpressley@gmail.com,
irkushgato@gmail.com,
irma196226rod1962@gmail.com,
itaintwhatitaint26@gmail.com,
itssarahduh2323@gmail.com,
itstoomuch714@gmail.com,
ivethegoodlife101@gmail.com,
j.cabrera2799@icloud.com,
jabaarbivins08@gmail.com,
jackie391984@gmail.com,
jackieperiod111@gmail.com,
jackieraybon133@gmail.com,
jacksmith16221229@gmail.com,
jadefloraduran84@gmail.com,
jadenwigfall56@gmail.com,
jadereavis3@gmail.com,
jaegettinpaid@gmail.com,
jakedrumm78@gmail.com,
jakepender@icloud.com,
jamaalmeans3434@gmail.com,
james4wes@gmail.com,
jamesbellojr1937@gmail.com,
jamescsantistevan78@gmail.com,
jamesfstokes25@gmail.com,
jamesmarkpascual@gmail.com,
jamesmoye207@gmail.com,
jamesottis83@gmail.com,
jamiekow8@gmail.com,
janahinshaw58@gmail.com,
janicejeter08@gmail.com,
janmt2467@yahoo.com,
jarvisharrington612@gmail.com,
jasminefranco2025@gmail.com,
jayandangie4ever25@gmail.com,
jaysalinas643@yahoo.com,
jazlynnm1992@gmail.com,
jazminemccallum8@gmail.com,
jazzyjenny.0097@gmail.com,
jbetts3312@gmail.com,
jccasiano525@gmail.com,
jdhollomon23@gmail.com,
jeffjorden1017@gmail.com,
jeffreysalvador911@gmail.com,
jeffryansr1970@gmail.com,
jelmartinez54@gmail.com,
jen.arzate85@gmail.com,
jen88827@gmail.com,
jennifermullins1976@gmail.com,
jennifertripp558@gmail.com,
jeraldconway122390@gmail.com,
jeremylowens1989@gmail.com,
jeremyshannongreer25@gmail.com,
jermainegarrison6@gmail.com,
jerri8246@gmail.com,
jerry771990@gmail.com,
jerrycuevas646@gmail.com,
jerryjenna1976@gmail.com,
jerryshanejackson@gmail.com,
jesnica80@gmail.com,
jesseluvv01@gmail.com,
jesseluvv2026@gmail.com,
jessestamper33@gmail.com,
jessicaleigh391@gmail.com,
jessicashinn5@gmail.com,
jessicasimcox0226@gmail.com,
jessiehollingsworth95@gmail.com,
jessithomsongordon@gmail.com,
jessterbylynnae@gmail.com,
jesusmarquez2216@gmail.com,
jeterjanice08@gmail.com,
jewelzsanchez5@gmail.com,
jfonsen0@gmail.com,
jfonsen2@gmail.com,
jhmorgan7775@gmail.com,
jimjimjimold@yahoo.com,
jimmywha37@gmail.com,
jitter.nerves6j@icloud.com,
jjdkkirby1@gmail.com,
jjjordan676@gmail.com,
jjlewsd8@gmail.com,
jjoemyrick@gmail.com,
jldefoor420@gmail.com,
jlmlivnlifnow@gmail.com,
jnavarro4874@gmail.com,
jobur@gmail.com,
jodyb803@gmail.com,
joecass300@gmail.com,
joeykattner99@gmail.com,
johnathansacco23@gmail.com,
johnfrink9891@gmail.com,
johnlechuga518@gmail.com,
johnmayor3773@gmail.com,
johnny5mccrane@gmail.com,
johnnyreynolds466@gmail.com,
johnogima47@gmail.com,
johnreavis@hotmail.com,
johnsonkaneshia52@gmail.com,
johnsr5150@gmail.com,
johnwatkins068@gmail.com,
jojophanphongsa7@gmail.com,
jolisa458@gmail.com,
jonathan.dyar842@gmail.com,
jonathankg8791@gmail.com,
jonathonbarksdale1@gmail.com,
jonesnikhia444@gmail.com,
jonestetric8@gmail.com,
jonnson5185@gmail.com,
jordan15696915@gmail.com,
jordankelly_burdette@yahoo.com,
jordanthomason7@icloud.com,
jordynsopetty@gmail.com,
joseph.toetuu13@gmail.com,
joseph1733172@gmail.com,
josepha1diamond@gmail.com,
josephaarongalindo@gmail.com,
josephconner1026@gmail.com,
josephdejesusjr81@gmail.com,
joshuafulcher32@gmail.com,
joshuagilliland825@gmail.com,
joshuamsatterfield@gmail.com,
joshuaprz220@gmail.com,
joshwelch837@gmail.com,
joycejilton1983@gmail.com,
jpen28144@gmail.com,
jrey6532@gmail.com,
jrnvasquez@icloud.com,
jroberts10542@yahoo.com,
jroberts105642@yahoo.com,
jroberts10642@yahoo.com,
jroberts5642@yahoo.com,
jrs871795@gmail.com,
jslice506@gmail.com,
jsmercado2222@gmail.com,
jsmightyluvalways@gmail.com,
jswshady2424@gmail.com,
jtaves0003@gmail.com,
jtreed99928@gmail.com,
juansloyalty@mail.com,
judithdyann@gmail.com,
jusamimithang@gmail.com,
jusamimithng@gmail.com,
jushas1988@gmail.com,
just.ayala23@gmail.com,
justfranklin87@icloud.com,
justincramos107@gmail.com,
justindurbin449@gmail.com,
justinmccombs247@gmail.com,
justme66871@gmail.com,
justnmichael333@gmail.com,
jziggysr79@gmail.com,
k3m23l88@gmail.com,
kace.n.linda@gmail.com,
kaitlyn.monroe04@gmail.com,
kandyzland62@gmail.com,
karriannraynor@gmail.com,
kartoonswife01@gmail.com,
katiemae0224@gmail.com,
katieshiotstheenemy76@gmail.com,
katieshootstheenemy76@gmail.com,
katycain251@gmail.com,
kawikabaraoidan22@gmail.com,
kaylynn.cox@icloud.com,
kaymybae27@gmail.com,
kaystonemcm626@gmail.com,
kbest420@gmail.com,
kcrae23@icloud.com,
kdrury2193@gmail.com,
kebramona3@gmail.com,
keenia26.kn@gmail.com,
keesbilly636@gmail.com,
kelleranne1978@gmail.com,
kelleyfallan00@gmail.com,
kellyberry948@gmail.com,
kellycameron836@gmail.com,
kenchscarlett09@gmail.com,
kendicole83@icloud.com,
kendralewis90@gmail.com,
kengood540@gmail.com,
kenjamin04@yahoo.com,
kenjin4201981@gmail.com,
kenziejo281@gmail.com,
kerrysqueen1104@gmail.com,
kevineckels2@gmail.com,
keyshawnjr@gmail.com,
khenderson5712@gmail.com,
kiddsam02@gmail.com,
kikiiblair@gmail.com,
kikink6465@gmail.com,
kilgoretiffany00@gmail.com,
kimberleyhope33@gmail.com,
kimberlychannell43@gmail.com,
kimberlyhuffman626@gmail.com,
kimfred3333@gmail.com,
kimmie@gmail.com,
kimpooh81@gmail.com,
kimpooh81@icloud.com,
kinohijessejamemakanani@gmail.com,
kinrgkairo90@gmail.com,
kinsey49202@gmail.com,
kirbyrevis15@icloud.com,
kirsteneldridge89@gmail.com,
kittiefetti@gmail.com,
kkmommybear1925@gmail.com,
klaychildress23@gmail.com,
klynnshreffler@gmail.com,
kmariachrista@gmail.com,
kmathias@hawaii.edu,
kmsomer1@gmail.com,
knicholson345@gmail.com,
koalsaunt74@icloud.com,
kortniibby@yahoo.com,
kovacevickchris@gmail.com,
krisapkaw212@gmail.com,
krishrinda3@gmail.com,
krisrh413@icloud.com,
krissybarrett887@gmail.com,
kristenjunee7@icloud.com,
kristinfree6@gmail.com,
kwalker7578@gma.com,
kwalker7578@gmail.com,
kwstevens40@gmail.com,
kyleafloress@gmail.com,
kylesfloress@gmail.com,
kyletarneyk@icloud.com,
kyryn888@gmail.com,
l.salazar8067@gmail.com,
laceybaldwin1983@gmail.com,
lacybullion2019@gmail.com,
lakerrypittman07@gmail.com,
lakers0518@gmail.com,
lambwest07@gmail.com,
larissa.sink9795@gmail.com,
larryjdb619@gmail.com,
larsenalex99@gmail.com,
lasgee70@gmail.com,
latayatucker614@gmail.com,
lauravickyosa2026@icloud.com,
lavoriaturner38@gmail.com,
layton.phillip81@gmail.com,
lazarobuitureida1@gmail.com,
lbrnmckd83@vmail.com,
lealruby1224@gmail.com,
leandrachilders@gmail.com,
leannsalmon22@gmail.com,
leeb1469@gmail.com,
leerobertgarza@gmail.com,
leeyaduquette@gmail.com,
leftwichticia2@gmail.com,
leighmull1423@gmail.com,
lemdawn9@gmail.com,
leroygonzalez091490@gmail.com,
letheaaustin414@gmail.com,
libndrind@gmail.com,
lies74081@gmail.com,
lifeinaz2022@gmail.com,
liferrider@gmail.com,
lilangel1991.0@gmail.com,
lilbear8495@icloud.com,
lilblkstallionn@gmail.com,
lilichaidez7@gmail.com,
lilmikey2449@gmail.com,
lilruzz666@gmail.com,
lilryames@icloud.com,
lilseadagiat74@gmail.com,
lilseadagoat74@gmail.com,
lilseasagoat74@gmail.com,
linnell7777@gmail.com,
linvillematthew929@gmail.com,
linwoodeason316@gmail.com,
lisafoor91@gmail.com,
lisamarie.p1982@gmail.com,
lisashawnae@gmail.com,
lissahh1234@gmail.com,
livethegoodlife101@gmail.com,
llamallamamommaprinting@gmail.com,
llfreebandz7@icloud.com,
llilloka23@gmail.com,
llonefight1999@gmail.com,
loegang1997@gmail.com,
lolaleestax123@gmail.com,
lomonnibrown@gmail.com,
loneyluv143@gmail.com,
lope42810@gmail.com,
lopezr9@gmail.com,
lorisgro143@gmail.com,
lovewonat1time7685@gmail.com,
lowkeyuraddicted91@gmail.com,
lozanok778@gmail.com,
luccifugino@gmail.com,
luceroernest77@gmail.com,
luckystarr337@gmail.com,
luckystone4ever@gmail.com,
lunabugs358@gmail.com,
lunabugs359@gmail.com,
lunaounk0@gmail.com,
lunapunk0@gmail.com,
luvkyland77@gmail.com,
lyssaxtorresxo@gmail.com,
m.r.stephenson00@gmail.com,
m19reyes93@gmail.com,
ma.elena.banda1956@gmail.com,
ma60fiyah@icloud.com,
macktamika409@gmail.com,
macumbe@gmail.com,
maemaesmith154@yahoo.com,
magoncrowley164@gmail.com,
mailevalvieja58@gmail.com,
makaylatouchton02@gmail.com,
malcomofadams@gmail.com,
mandad584@gmail.com,
mandy304hernandez@gmail.com,
mandybaer018@gmail.com,
mandydvaladez76@gmail.com,
mantatle75@gmail.com,
manzanaresjackie75@gmail.com,
marasrivers94@gmail.com,
marcus42049@gmail.com,
marcustj1980@yahoo.com,
marcwhisnant88@gmail.com,
maria1971olivas@gmail.com,
mariegalv33@gmail.com,
marienmoniq@gmail.com,
mariewendy857u@gmail.com,
marioserna210tx@gmail.com,
markagoss48@gmail.com,
markeedos3@gmail.com,
markoquinn20@gmail.com,
marlodurazo759@gmail.com,
marquezfraise1@gmail.com,
marshaejordan27@gmail.com,
marshalljerr@gmail.com,
martindarrin62@gmail.com,
martinezbernardo1987@gmail.com,
martinezm5150@gmail.com,
martinmelanie7375@gmail.com,
marvinstovall21@gmail.com,
maryannreynolds040816@gmail.com,
marydelagarza1982@gmail.com,
marylee38401@gmail.com,
marymccliton733@gmail.com,
marzettvernard0@gmail.com,
masif011990@gmail.com,
masspayment22@gmail.com,
mastahobbit36@gmail.com,
mathiasjadelyn60@gmail.com,
mathiasparker47@gmail.com,
matinshepherd555@gmail.com,
matt172143@gmail.com,
matteokanani065@gmail.com,
matthew072987@gmail.com,
matthewoquain97@gmail.com,
matthewsorey8@gmail.com,
mauinokaoi732@gmail.com,
maysharlie@gmail.com,
mazottitristan63@gmail.com,
mbvicki899@gmail.com,
mccaslinfredstephen@gmail.com,
mccayfallon11@gmail.com,
mcclellan084@gmail.com,
mccombstuga@gmail.com,
mcmillan5591@gmail.com,
mcnealamanda272@gmail.com,
mcollier5252@gmail.com,
mcraemaya18@gmail.com,
medinadenise505@gmail.com,
meganhartpence285@gmail.com,
megz8724@gmail.com,
melindamaccalla@gmail.com,
melissasopheap9@gmail.com,
mellycarrillo99@gmail.com,
mellydavies38@gmail.com,
melvinjackieeysme37@gmail.com,
menchacaanthony2017@gmail.com,
meredithbello1937@gmail.com,
mersadis277@gmail.com,
michaelnorcross48@gmail.com,
michaelrene718@gmail.com,
michaelrhoward8@gmail.com,
michaelslack78@gmail.com,
michealrhoward8@gmail.com,
michellearredondo820@gmail.com,
mickeywells72@gmail.com,
mickiemccullah@gmail.com,
miguelaromero1998@icloud.com,
mikayladunn258@gmail.com,
millerjeremya1991@gmail.com,
millerjoma1@gmail.com,
mimmi1523@icloud.com,
minniehernandez74@icloud.com,
minnihust@gmail.com,
mirbenton0823@gmail.com,
mironjunior823@gmail.com,
misbhvnsfunkyfindsemporium2@gmail.com,
mislynx001@gmail.com,
missifox0@gmail.com,
misty3324a@icloud.com,
miszgoodson@gmail.com,
mitchelldelk150@gmail.com,
miztlijonathan@gmail.com,
mjortiz494@gmail.com,
mmoore650007@gmail.com,
molleyumpkin.jc@gmail.com,
monalynn7980@gmail.com,
moneygonzalez661@gmail.com,
moneymore197728@gmail.com,
monicaj6947@gmail.com,
monicamariemonica1@gmail.com,
monistaple@gmail.com,
monrealdebbie0403@gmail.com,
monsterperales@gmail.com,
monte95358@gmail.com,
montielbrian27@gmail.com,
moreno_laila@icloud.com,
morgan.ryanscott79@gmail.com,
mortondebbie72@gmail.com,
mossjohn961@gmail.com,
moyaking189@gmail.com,
moye@gmail.com,
mr.lamontsanford5@gmail.com,
mrcolemanterrence@gmail.com,
mrgrantwatso1988@gmail.com,
mrmaseratifox@gmail.com,
mrnmrsrice865@gmail.com,
mrs.harvey23@outlook.com,
mrsgibbs2028@gmail.com,
mrsmccray4life@yahoo.com,
msbeexxx@gmail.com,
msmaryinez420@gmail.com,
msullivan080822@gmail.com,
mtaylor24333@gmail.com,
mujsces@gmail.com,
mummertsarah50@gmail.com,
munyannmya99@icloud.com,
mvanterrance@gmail.com,
mwebb@gmail.com,
mwilsons546@gmail.com,
mwimsett8@gmail.com,
mxjay7815@gmail.com,
mybabygirl71172@gmail.com,
myebay337@gmail.com,
mygothichome@gmail.com,
mylifeishell222@icloud.com,
mymobileclouds@gmail.com,
myronwhite76@gmail.com,
mzacapala321@gmail.com,
mzcinnamon92@gmail.com,
naeajoseph700@gmail.com,
nailrenee17@gmail.com,
naquitawilkerson7@gmail.com,
nashtakari@gmail.com,
natasiamariani2019@gmail.com,
natedawgrogers@gmail.com,
nationklok808@gmail.com,
navajoanna303@gmail.com,
navauriel1688@gmail.com,
nb688088@gmail.com,
ndhorst.007@gmail.com,
ndsweldco2018@gmail.com,
neil.lopez1003@gmail.com,
nellyiniguez1984@gmail.com,
nessrupe26@gmail.com,
neverbrokeagin420@icloud.com,
neverstop2183@gmail.com,
newcgrace81@gmail.com,
newdrewski95@gmail.com,
newhabbitz9@outlook.com,
newlifechamge1992@gmail.com,
newlifechange1992@gmail.com,
newmatt1390@gmail.com,
nh559934@gmail.com,
nicholsonmichael4991@gmail.com,
nicole07132006@gmail.com,
nicolepalmerrj@gmail.com,
nigsonss@gmail.com,
nikkigalvan3@gmail.com,
nikkistarr4646@gmail.com,
nikkuraylor@gmail.com,
nkrystal035@gmail.com,
no46payne46@gmail.com,
nobleskyle22@gmail.com,
noramd826@icloud.com,
notnewbuttrue71@gmail.com,
nurritod@gmail.com,
nutbuster251@gmail.com,
nwilliams19952021@gmail.com,
nwmail98@gmail.com,
nyasiabonds5@gmail.com,
nyshann@icloud.com,
oceanobienahora@gmail.com,
odelljames1972@gmail.com,
ohautyyy@gmail.com,
ohsosexilexi99@gmail.com,
ojthompson024@gmail.com,
omgwtfalwaysforher2316@gmail.com,
omm2120mm@gmail.com,
onealshemale@gmail.com,
oneandonlyfisher@gmail.com,
onelove42187@gmail.com,
oneyangela706@gmail.com,
oregonsunami22@gmail.com,
oscar_block234@icloud.com,
oscarjoeliadominguez@gmail.com,
osmesirius@gmail.com,
otfrico937@gmail.com,
oxendineann55@gmail.com,
p3p32dwn@gmail.com,
padilla1995zarina@gmail.com,
paigeamic89@gmail.com,
paigeowens1011@gmail.com,
palazzoalday@gmail.com,
palssam875@gmail.com,
pamelalizarzaburu33@gmail.com,
pamelaproctor40@gmail.com,
pamkaye.75@gmail.com,
pamy69735@gmail.com,
paschallindsey718@gmail.com,
pastranog178@gmail.com,
patriciahembree174@gmail.com,
pattymillie2023@gmail.com,
paulawilliams192@yahoo.com,
paulvelez2@gmail.com,
paypahdahlceo21@gmail.com,
pbroadway33@gmail.com,
pbroadway3@gmail.com,
peachjames552@gmail.com,
peacocktorres87@gmail.com,
perleychic69@gmail.com,
peterscaleb69@gmail.com,
philleybree@gmail.com,
phoenix6969love@gmail.com,
pjsurratt7@gmail.com,
playwith653@gmail.com,
poffjuice@gmail.com,
polozepeda42@gmail.com,
porterrashad192@gmail.com,
postontoni99@gmail.com,
precmosley2569@gmail.com,
prissycastillo2025@gmail.com,
proudmama1721@gmail.com,
proutangie7@gmail.com,
pssurratt7@gmail.com,
psuesue94@gmail.com,
psychosbby@gmail.com,
puckettwilton414@gmail.com,
pullents65@gmail.com,
punaboycaminos7@gmail.com,
pureb3auty3@gmail.com,
puroloco813@gmail.com,
purply1200@gmail.com,
qlrobinson94@gmail.com,
quanishamccoy88@yahoo.com,
quaquariusbridges@gmail.com,
queenrain2775@gmail.com,
r3don32026@gmail.com,
ra6169839@gmail.com,
rachellej2012@gmail.com,
rachellynnsherrer666@gmail.com,
rachnicole706@gmail.com,
rafecampbell83@gmail.com,
ranaeodden@gmail.com,
randylee3873@gmail.com,
randyssavage21@gmail.com,
rannapay566@gmail.com,
rashadramseur@gmail.com,
raul2025rr66@gmail.com,
ray43quiroz2025@gmail.com,
raybrisco1971@gmail.com,
raymondwestcott7@gmail.com,
rayray198158@gmail.com,
raywanda524@gmail.com,
rdustin613@gmail.com,
rebeccahyatt853@gmail.com,
redbesos@gmail.com,
reddickshannon74@gmail.com,
reddonealways@gmail.com,
redganshaw@gmail.com,
redowlspook@gmail.com,
refurbd4sale@icloud.com,
reginald78@gmail.com,
reisswalter356@gmail.com,
reliantcommercialshrimpboat@gmail.com,
relishgm@gmail.com,
remmilast69@gmail.com,
reneshajunewilliams@gmail.com,
rentavatio1976@gmail.com,
revoloriochavezalex@gmail.com,
rg4196037@gmail.com,
rgaugust78sacowboy@gmail.com,
rgibby46@gmail.com,
rgonzales12091@gmail.com,
rgwork4me1@gmail.com,
rhonda.latte.brown@gmail.com,
richardtamez54@gmail.com,
richjerry481@gmail.com,
richygarzalauren1@gmail.com,
rickryan692@gmail.com,
rickyhussing99@gmail.com,
rickyksepulveda310@gmail.com,
riellyjack98@gmail.com,
rikkiwary107@gmail.com,
rileypooh325@gmail.com,
ritacousins52@gmail.com,
rlozanojr06@gmail.com,
rlstacy1627@gmail.com,
rmcmanis2023@gmail.com,
rneria0313@yahoo.com,
rneria526@gmail.com,
rob14gee@gmail.com,
robbiemonica8@gmail.com,
robbydale79@gmail.com,
robertnickabila0@gmail.com,
robertsdustin709@gmail.com,
robertsgv7@gmail.com,
roberttomlinson317@gmail.com,
robinson94@gmail.com,
robinwickad3333@gmail.com,
robmontgomery1839@gmail.com,
robrobruiz@gmail.com,
rockellaroberta@gmail.com,
rodriguezvaley24@gmail.com,
rodriquezjennifer711@gmail.com,
roger1130.abeyta@gmail.com,
ronaldogastelum0@gmail.com,
rosaleslilibeth1993@gmail.com,
rosalynperkins935@gmail.com,
rostenn72@gmail.com,
royjohnson930@gmail.com,
rphillips5172@gmail.com,
rr461674@gmail.com,
rsandoval1974@myyahoo.com,
rsans96@gmail.com,
rt162771@gmail.com,
rubmarroquin2323@gmail.com,
rubyraybon@gmail.com,
rudylovesbob@gmail.com,
ruellwills3@gmail.com,
rui777766@gmail.com,
rustydshackleford7@gmail.com,
rutty273@gmail.com,
rvshinstock@gmail.com,
ryandwilliams1976@gmail.com,
ryanhanyz@gmail.com,
ryanmcmahon777@gmail.com,
ryanryanryan1@icloud.com,
ryanspins975@gmail.com,
rycford36@icloud.com,
ryderhigh101@gmail.com,
s.d.skuttle@gmail.com,
s43251156@gmail.com,
s48744279@gmail.com,
s6b5k97@gmail.com,
sabrinafield90@gmail.com,
sabrinafoxxlachel@gmail.com,
saideeboe@gmail.com,
sallystrugglesndamokc@gmail.com,
samboelyons20@gmail.com,
sameaswfordbday1972@gmail.com,
samonkeo838@gmail.com,
sandracantrell1@gmail.com,
santiagogloria1029@gmail.com,
santoss.jasminee@gmail.com,
sarrisola79@gmail.com,
sasche.rndle@icloud.com,
sassyday8@gmail.com,
sb12301980@gmail.com,
sbrewer3679@gmail.com,
schoneswendal1@gmail.com,
scoobywife5456@gmail.com,
scook6830@gmail.com,
scorpioncrew24@gmail.com,
scott_sara@icloud.com,
scottie25white@gmail.com,
scottiii2hottiii@gmail.com,
scottlamm15@gmail.com,
scruggswhitney555@gmail.com,
sdavis13168@gmail.com,
seanbarchard7@gmail.com,
seanbennor18@gmail.com,
sebbby556@gmail.com,
sedoliver94@gmail.com,
sehaskell909@gmail.com,
selkmalamz03@gmail.com,
sequia295@gmail.com,
serena_2023@outlook.com,
serignysalvador@gmail.com,
sestell63@gmail.com,
shaddowwmoon7@gmail.com,
shakashanebigisland808@gmail.com,
shandyagregory@gmail.com,
shane44comp@gmail.com,
shanebmanit@gmail.com,
shaneembrey6@gmail.com,
shannonday325@gmail.com,
shantaviap06@gmail.com,
shaqnelson91@icloud.com,
shawnadonna.94@gmail.com,
shawnrkyle.09@gmail.com,
shawntaenewsome154@gmail.com,
shelbychapman06@gmail.com,
shellymeadows46@gmail.com,
shellynae1177@gmail.com,
shelton.saberbrother@gmail.com,
sheluvsittt@gmail.com,
shondatrammel67@gmail.com,
shonnamcquary16@gmail.com,
shortiem4523@gmail.com,
shulerjessika55@gmail.com,
sickassmovida@gmail.com,
sierrabsasser@gmail.com,
sil1990lc@gmail.com,
skininbones336@gmail.com,
slimchance8484@gmail.com,
slraines23@yahoo.com,
smartixezadriana@gmail.com,
smfernande0411@gmail.com,
smfernande477@gmail.com,
snellingamanda802@gmail.com,
snniiipps64028@gmail.com,
snowcoy3@gmail.com,
sologrindndolo@gmail.com,
solomanwhitney42@gmail.com,
sophornsam82@gmail.com,
sourpatchkiki96@gmail.com,
southernjason88@gmail.com,
sovannathchan@yahoo.com,
spazerz88@gmail.com,
spenseroliviar92@gmail.com,
spikejunior345@icloud.com,
srohm197171@gmail.com,
stacyknopf1974@gmail.com,
startavia5959@gmail.com,
steelemissy56@gmail.com,
stefanihuizar15@gmail.com,
stellalevi808@gmail.com,
stepdaddyjr@gmail.com,
stephaniemaund2@gmail.com,
stephenmay0914@gmail.com,
stevewill22945@gmail.com,
stillstacia@icloud.com,
stinkynselenagma0821@gmail.com,
stocksmoke5@gmail.com,
stolentino113@gmail.com,
stoneygreenbud4two0@gmail.com,
stoneyzee@icloud.com,
stormii.bhadd30@gmail.com,
stormii.bhadd30@icloud.com,
stupidlittlegirl7978@gmail.com,
stxrsola@icloud.com,
succeedbyanymeans405@gmail.com,
suckiteasy2025@gmail.com,
sugafein1995@gmail.com,
sungoddess.vitc.28@gmail.com,
superbasic1313@gmail.com,
sweetssouthern1@gmail.com,
sylaineduray8@gmail.com,
tabathawells46@gmail.com,
tabithadugan11@gmail.com,
tabsoswhooo@gmail.com,
tacyhayes69420@gmail.com,
talanlane525@gmail.com,
tammyboone49@gmail.com,
tanayavolk712@gmail.com,
tangonanjeffrey1@gmsil.com,
tannernathan538@gmail.com,
tarcher409@gmail.com,
taterachael193@gmail.com,
taterachael993@gmail.com,
tatrob222@gmail.com,
tattoogod@icloud.com,
taylordawnlowerydawn@gmail.com,
taylormunn83@gmail.com,
taylorraines0125@gmail.com,
tazztheman91@yahoo.com,
tbeezzy77@gmail.com,
teegrlhoopai2103@gmail.com,
teevamree.1986@gmail.com,
teisen65@gmail.com,
temohpab711@gmail.com,
tempmailer12345@gmail.com,
tenpack10171017@gmail.com,
teressahalverson5880@gmail.com,
terisue1964@yahoo.com,
terryandfriend1970@gmail.com,
tester333lee@gmail.com,
tevinti@gmail.com,
thatsmygame15@gmail.com,
theardkelly822@gmail.com,
thedavisway76@gmail.com,
thedevilinside1994@gmail.com,
theonewhodidit31@gmail.com,
theresagirl73@gmail.com,
theron7619.t@gmail.com,
thisthat23@gmail.com,
thitx4@gmail.com,
thomasdonato79@gmail.com,
thomasfaleroramos@gmail.com,
thomasjamaya98@gmail.com,
throwed.off1107@gmail.com,
thyronrawlings39@gmail.com,
tianna220@icloud.com,
tiannacarter90@gmail.com,
tidwellterry68@gmail.com,
tiffanyholcomb90@gmail.com,
tiffanylynn89@gmail.com,
tiffanylynnb89@gmail.com,
tifftonallen102@gmail.com,
tilleysam8587@gmail.com,
timetellstruth206@gmail.com,
timisyourdad2337@gmail.com,
tinamartinez826@gmail.com,
tindleashli1@gmail.com,
tishsalazar18@gmail.com,
titusjoe90@gmail.com,
tjchoctaw@gmail.com,
tjhonny261@gmail.com,
tkaitt61@gmail.com,
tkp1203rawuncut@gmail.com,
tnipper2017@aol.com,
toddwaters093@gmail.com,
toetuu13@gmail.com,
tokpeaha87@gmail.com,
ton805@gmail.com,
tonitta29@gmail.com,
tonyacrooks2021@gmail.com,
tookeetru@gmail.com,
topshine.157@gmail.com,
tovarmartha37@gmail.com,
tracyfelton84@gmail.com,
traviscolepritchett@icloud.com,
travisgrillette7@gmail.com,
traviskgaldeira88@gmail.com,
trenna385@gmail.com,
treridessa@gmail.com,
tresnicole33@gmail.com,
trevoneaddy99@gmail.com,
treybolgiano08@gmail.com,
tribiolej@gmail.com,
tribiolij@gmail.com,
trillzay.187@gmail.com,
trina.kawai@mail.com,
trinityspring974@gmail.com,
trippybbyboibihh@gmail.com,
tripzsterztrippintrip@gmail.com,
troyrustad6@gmail.com,
trufriendstruhearts@gmail.com,
trymebaby3186@gmail.com,
ttree2981@gmail.com,
tubbstameika41@yahoo.com,
turkjames425@gmail.com,
turp7414@gmail.com,
twills1977@icloud.com,
twotonz69@gmail.com,
twotonz9@gmail.com,
txballn26@gmail.com,
txballn@yahoo.com,
tyeanmakkin@gmail.com,
tyjesus32126@gmail.com,
tylertommie91@gmail.com,
unperfect8802@gmail.com,
uriberigoberto1102@icloud.com,
v0083305@gmail.com,
vaarismendez@gmail.com,
vaco43@icloud.com,
valdespino01@gmail.com,
valdespino0@gmail.com,
valenzuelachris873@gmail.com,
valeriec8.vc@gmail.com,
valkner1231@gmail.com,
valueoverprice6@gmail.com,
vasquezmichael590@gmail.com,
vd319134@gmail.com,
vegakristy727@gmail.com,
vernettakingbird41@gmail.com,
veronicaharman5@gmail.com,
vickyellison605@gmail.com,
vicmunrod86@gmail.com,
vidaurriconrad1@gmail.com,
villarrealjuanita875@gmail.com,
vincentcala2316@icloud.com,
vmeliza564@gmail.com,
vvsbarnes@gmail.com,
wablethend@gmail.com,
wagnermika23@gmail.com,
waqasji1212@gmail.com,
washingtonartesia20@gmail.com,
wbsantana18@gmail.com,
wellsfamily1020@gmail.com,
wellslaron7@gmail.com,
wendi787.ww@gmail.com,
westgatel277@gmail.com,
wgarner898@gmail.com,
wgraybeal54@gmail.com,
whavens570@gmail.com,
wheekemily@gmail.com,
whisper0216@hotmail.com,
whiteplumerob@gmail.com,
whiteshellya@gmail.com,
whojuice13@gmail.com,
whoopjeremiah@gmail.com,
wigginswigginswiggins1982@gmail.com,
williamemerson557@gmail.com,
williamshanna030@gmail.com,
williehutchinson803@gmail.com,
willinbrian@gmail.com,
willismyscumbag@gmail.com,
winstontina74@gmail.com,
wkjames3248@gmail.com,
womanofwisdom0882@gmail.com,
woodenc83@gmail.com,
woods_marie@icloud.com,
workingsmartertooday@gmail.com,
wredfern568@gmail.com,
wrightamanda733@gmail.com,
wtomes32@gmail.com,
wusshupdoe@gmail.com,
wyattdavante202@gmail.com,
x777lucky888x@gmail.com,
yates185225@icloud.com,
yonker7281@gmail.com,
youngjay1622@gmail.com,
youngspider3808@gmail.com,
yourst618@gmail.com,
zachhoffman13@icloud.com,
zachmerrival@gmail.com,
zeiglermandi6@gmail.com,
zenavath42@gmail.com,
zentenos265@gmail.com,
zmokedakill559@gmail.com,
